topic,top_words
Crime & Legal Cases,"[('case', 0.5071845753011464), ('georgia', 0.49010523844106174), ('prosecutor', 0.3773032391173253), ('interference', 0.3578546185442673), ('charges', 0.16336841281368725), ('court', 0.14003006812601762), ('judge', 0.11280199932373643), ('allies', 0.10777580584233737), ('2020', 0.10470907361055926), ('wednesday', 0.09489259795956932)]"
Domestic U.S. Politics & Policy,"[('case', 0.2587946590509773), ('interference', 0.19776719022100314), ('house', 0.194095994288233), ('georgia', 0.18678012409761408), ('patel', 0.1853038392128786), ('court', 0.175793057974225), ('supreme', 0.172067850697673), ('subsidies', 0.1588318621824674), ('white', 0.14788266231484418), ('copyright', 0.14559587366726176)]"
"Economy, Markets & Business","[('prices', 0.4592949615071071), ('price', 0.36743596920568566), ('costs', 0.3368163051052118), ('thanksgiving', 0.25417087190834714), ('lower', 0.22875378471751243), ('medicare', 0.21433764870331665), ('farmers', 0.18371798460284283), ('15', 0.18371798460284283), ('drugs', 0.18371798460284283), ('bigger', 0.15309832050236905)]"
International Politics & Diplomacy,"[('ukraine', 0.42734298951679917), ('russia', 0.38849362683345373), ('peace', 0.31079490146676303), ('war', 0.21498986955807708), ('putin', 0.19424681341672687), ('end', 0.16277063032300157), ('deal', 0.15539745073338151), ('wednesday', 0.14468500473155693), ('barring', 0.14244766317226637), ('witkoff', 0.13974341521275008)]"
Society & Culture,"[('ugly', 0.37045334550600273), ('reporter', 0.29086123073514203), ('piggy', 0.17851230424831466), ('journalist', 0.17851230424831466), ('white', 0.17659431866062195), ('calls', 0.17659431866062195), ('house', 0.17659431866062195), ('turkeys', 0.16363627889428844), ('kelly', 0.14876025354026223), ('fatigue', 0.14876025354026223)]"
